Min Estimate Salary,Max Estimate Salary,Rating
111,181 , 3.5
111,181 , 3.5
111,181 , 4.5
111,181 , 1.0
111,181 , 3.4
111,181 , 3.4
111,181 , 2.9
111,181 , 4.4
111,181 , 1.0
111,181 , 5.0
111,181 , 4.8
111,181 , 3.9
111,181 , 4.4
111,181 , 4.3
111,181 , 3.9
111,181 , 4.4
111,181 , 3.6
111,181 , 3.6
111,181 , 3.3
111,181 , 3.6
111,181 , 4.0
111,181 , 4.0
111,181 , 3.4
111,181 , 4.1
111,181 , 3.4
111,181 , 3.8
111,181 , 4.1
111,181 , 4.1
111,181 , 3.3
111,181 , 5.0
120,140 , 4.3
120,140 , 4.3
120,140 , 3.7
120,140 , 3.0
120,140 , 3.0
120,140 , 3.7
120,140 , 3.4
120,140 , 3.5
120,140 , 4.2
120,140 , 3.5
120,140 , 4.3
120,140 , 4.3
120,140 , 4.1
120,140 , 4.3
120,140 , 4.5
120,140 , 1.0
120,140 , 3.4
120,140 , 3.4
120,140 , 4.7
120,140 , 3.6
120,140 , 3.5
120,140 , 3.9
120,140 , 3.9
120,140 , 3.2
120,140 , 1.0
120,140 , 1.0
120,140 , 4.2
120,140 , 4.2
120,140 , 3.6
120,140 , 3.9
119,147 , 3.9
119,147 , 3.8
119,147 , 1.0
119,147 , 5.0
119,147 , 1.0
119,147 , 3.4
119,147 , 3.9
119,147 , 4.4
119,147 , 3.0
119,147 , 4.0
119,147 , 3.9
119,147 , 3.9
119,147 , 3.9
119,147 , 4.1
74,124 , 4.1
74,124 , 4.4
74,124 , 2.9
74,124 , 4.0
74,124 , 4.0
74,124 , 4.4
74,124 , 3.8
74,124 , 3.8
74,124 , 1.0
74,124 , 4.5
74,124 , 4.3
74,124 , 4.5
74,124 , 1.0
74,124 , 3.9
74,124 , 3.3
74,124 , 1.0
74,124 , 1.0
74,124 , 3.8
74,124 , 3.6
74,124 , 3.3
74,124 , 4.1
74,124 , 2.8
74,124 , 1.0
74,124 , 3.4
74,124 , 3.4
74,124 , 2.9
74,124 , 4.8
74,124 , 3.9
74,124 , 3.8
74,124 , 5.0
102,121 , 4.7
102,121 , 4.7
102,121 , 1.0
102,121 , 2.8
102,121 , 4.2
102,121 , 4.0
102,121 , 4.9
102,121 , 4.0
102,121 , 3.4
102,121 , 2.7
102,121 , 3.4
102,121 , 3.3
102,121 , 3.3
102,121 , 2.5
102,121 , 1.0
102,121 , 4.4
102,121 , 4.4
102,121 , 4.1
102,121 , 4.8
102,121 , 3.6
102,121 , 3.8
102,121 , 5.0
102,121 , 3.9
102,121 , 4.5
102,121 , 4.4
102,121 , 1.0
102,121 , 1.0
102,121 , 4.0
102,121 , 1.0
102,121 , 3.6
129,210 , 3.7
129,210 , 3.4
129,210 , 4.7
129,210 , 3.8
129,210 , 4.9
129,210 , 3.4
129,210 , 3.4
129,210 , 3.9
129,210 , 4.4
129,210 , 1.0
129,210 , 3.9
129,210 , 1.0
129,210 , 4.8
129,210 , 5.0
129,210 , 4.0
129,210 , 5.0
129,210 , 3.8
129,210 , 3.8
129,210 , 1.0
129,210 , 3.3
129,210 , 2.8
129,210 , 4.0
129,210 , 1.0
129,210 , 3.6
129,210 , 1.0
129,210 , 3.7
129,210 , 1.0
129,210 , 3.9
129,210 , 4.2
129,210 , 1.9
156,254 , 3.5
156,254 , 3.8
156,254 , 4.4
156,254 , 5.0
156,254 , 3.4
156,254 , 1.3
156,254 , 3.4
156,254 , 3.5
156,254 , 1.0
156,254 , 4.0
156,254 , 3.4
156,254 , 1.0
156,254 , 3.6
156,254 , 3.0
156,254 , 5.0
156,254 , 4.1
156,254 , 1.0
156,254 , 4.5
156,254 , 4.2
156,254 , 1.0
156,254 , 5.0
156,254 , 1.0
156,254 , 1.0
156,254 , 3.8
156,254 , 1.0
156,254 , 1.0
156,254 , 4.1
156,254 , 3.6
156,254 , 1.0
156,254 , 3.1
119,147 , 1.0
119,147 , 3.4
119,147 , 3.6
119,147 , 4.6
119,147 , 4.0
119,147 , 4.7
119,147 , 4.4
119,147 , 4.0
119,147 , 3.6
119,147 , 4.1
119,147 , 1.6
119,147 , 1.6
119,147 , 3.5
119,147 , 4.0
119,147 , 4.0
119,147 , 3.5
119,147 , 5.0
119,147 , 5.0
119,147 , 4.0
119,147 , 3.5
119,147 , 3.4
119,147 , 3.6
119,147 , 3.2
119,147 , 1.0
119,147 , 5.0
119,147 , 5.0
119,147 , 3.9
119,147 , 4.2
119,147 , 3.7
119,147 , 3.1
116,152 , 3.8
116,152 , 3.9
116,152 , 1.0
116,152 , 4.1
116,152 , 3.8
116,152 , 3.8
116,152 , 3.7
116,152 , 4.4
116,152 , 3.9
116,152 , 5.0
116,152 , 3.9
116,152 , 3.6
116,152 , 4.2
116,152 , 3.9
116,152 , 4.3
116,152 , 3.5
116,152 , 4.0
116,152 , 4.0
133,171 , 3.0
133,171 , 4.0
133,171 , 4.0
133,171 , 3.5
133,171 , 3.5
133,171 , 4.4
133,171 , 4.4
133,171 , 1.0
133,171 , 2.6
133,171 , 3.6
133,171 , 4.1
133,171 , 4.1
133,171 , 1.0
110,139 , 3.3
110,139 , 3.5
110,139 , 1.0
110,139 , 4.1
110,139 , 3.2
110,139 , 4.0
110,139 , 4.0
110,139 , 3.6
110,139 , 3.8
110,139 , 3.9
110,139 , 4.4
110,139 , 3.6
110,139 , 3.9
110,139 , 1.0
110,139 , 4.1
110,139 , 4.1
110,139 , 1.0
110,139 , 4.4
110,139 , 3.7
110,139 , 2.5
82,141 , 4.9
82,141 , 3.6
82,141 , 3.6
82,141 , 3.3
82,141 , 3.6
82,141 , 5.0
82,141 , 3.8
82,141 , 4.8
82,141 , 4.1
82,141 , 4.4
82,141 , 3.3
82,141 , 3.7
82,141 , 4.1
82,141 , 4.5
82,141 , 3.6
82,141 , 3.2
82,141 , 3.2
82,141 , 3.8
82,141 , 4.1
82,141 , 4.8
82,141 , 3.9
82,141 , 3.6
82,141 , 3.9
82,141 , 1.0
82,141 , 4.4
82,141 , 3.9
96,119 , 4.8
96,119 , 3.9
96,119 , 3.6
96,119 , 5.0
96,119 , 4.9
96,119 , 1.0
96,119 , 1.0
96,119 , 3.8
96,119 , 3.8
96,119 , 3.4
96,119 , 3.2
96,119 , 4.0
96,119 , 3.9
96,119 , 4.9
96,119 , 3.4
96,119 , 4.8
96,119 , 4.4
96,119 , 4.7
96,119 , 1.0
96,119 , 2.8
96,119 , 1.0
96,119 , 3.7
96,119 , 3.7
96,119 , 5.0
96,119 , 3.7
96,119 , 4.4
96,119 , 3.4
96,119 , 3.7
146,175 , 1.0
146,175 , 4.0
146,175 , 2.9
102,164 , 2.1
102,164 , 4.5
102,164 , 3.8
102,164 , 3.9
102,164 , 4.0
102,164 , 4.0
102,164 , 3.7
102,164 , 3.1
102,164 , 3.1
102,164 , 3.8
102,164 , 4.6
102,164 , 4.4
102,164 , 2.3
102,164 , 3.6
102,164 , 3.6
102,164 , 3.9
102,164 , 3.7
102,164 , 4.7
102,164 , 4.2
102,164 , 4.7
102,164 , 3.9
102,164 , 3.4
102,164 , 3.4
102,164 , 3.2
102,164 , 3.2
102,164 , 4.5
102,164 , 3.8
102,164 , 1.0
102,164 , 3.9
102,164 , 3.6
113,180 , 3.5
113,180 , 3.7
113,180 , 3.2
113,180 , 1.0
113,180 , 2.4
113,180 , 5.0
113,180 , 3.9
113,180 , 4.2
113,180 , 4.7
113,180 , 3.7
113,180 , 4.0
113,180 , 3.9
113,180 , 2.8
113,180 , 1.0
113,180 , 3.7
113,180 , 3.3
113,180 , 3.1
113,180 , 7.2
113,180 , 3.3
113,180 , 1.0
113,180 , 1.3
113,180 , 3.5
113,180 , 3.0
113,180 , 1.0
113,180 , 4.0
113,180 , 5.0
113,180 , 3.5
113,180 , 3.9
113,180 , 4.9
113,180 , 3.6
113,180 , 3.6
113,180 , 4.2
113,180 , 3.3
113,180 , 3.7
113,180 , 3.6
113,180 , 4.5
113,180 , 4.7
113,180 , 3.1
113,180 , 4.6
113,180 , 2.1
113,180 , 4.1
113,180 , 5.0
113,180 , 4.1
113,180 , 4.6
113,180 , 4.5
113,180 , 4.5
113,180 , 3.6
113,180 , 3.9
113,180 , 3.8
113,180 , 1.0
113,180 , 3.9
113,180 , 3.6
113,180 , 4.0
113,180 , 1.0
113,180 , 3.9
113,180 , 3.8
113,180 , 4.8
113,180 , 1.0
113,180 , 4.3
113,180 , 5.0
113,180 , 4.5
76,122 , 3.9
76,122 , 3.3
76,122 , 3.8
76,122 , 4.9
76,122 , 3.9
76,122 , 3.7
76,122 , 1.0
76,122 , 2.8
76,122 , 4.4
76,122 , 3.9
76,122 , 4.7
76,122 , 3.2
76,122 , 4.5
76,122 , 5.0
76,122 , 3.9
76,122 , 3.5
76,122 , 1.8
76,122 , 3.1
76,122 , 4.1
76,122 , 3.4
76,122 , 1.0
76,122 , 3.9
76,122 , 3.9
76,122 , 2.3
76,122 , 2.3
76,122 , 3.1
76,122 , 3.8
76,122 , 1.0
76,122 , 4.2
76,122 , 3.4
134,218 , 1.0
134,218 , 4.0
134,218 , 3.4
134,218 , 4.0
134,218 , 4.5
134,218 , 4.5
134,218 , 3.9
134,218 , 3.6
134,218 , 4.0
134,218 , 5.0
134,218 , 3.7
134,218 , 3.7
134,218 , 3.8
134,218 , 3.5
134,218 , 3.6
134,218 , 3.5
134,218 , 1.8
134,218 , 3.1
134,218 , 3.2
134,218 , 3.8
134,218 , 3.8
134,218 , 5.0
134,218 , 3.7
134,218 , 3.7
134,218 , 3.3
134,218 , 3.3
134,218 , 3.6
134,218 , 3.6
134,218 , 1.0
134,218 , 3.5
76,125 , 3.5
76,125 , 4.7
76,125 , 4.6
76,125 , 3.9
76,125 , 4.1
76,125 , 4.2
76,125 , 3.7
76,125 , 3.7
76,125 , 3.6
76,125 , 3.6
76,125 , 4.5
76,125 , 1.0
76,125 , 3.6
76,125 , 3.8
76,125 , 4.3
76,125 , 4.3
76,125 , 1.6
76,125 , 1.6
76,125 , 4.9
76,125 , 1.0
76,125 , 4.0
76,125 , 5.0
76,125 , 3.7
76,125 , 3.7
76,125 , 5.0
76,125 , 3.8
76,125 , 2.5
76,125 , 4.0
76,125 , 3.3
76,125 , 1.0
132,208 , 3.9
132,208 , 3.7
132,208 , 3.7
132,208 , 3.8
132,208 , 1.6
132,208 , 1.6
132,208 , 3.8
132,208 , 3.6
132,208 , 3.7
132,208 , 8.4
132,208 , 3.5
132,208 , 3.4
132,208 , 4.4
132,208 , 4.4
132,208 , 4.4
132,208 , 3.6
132,208 , 4.9
132,208 , 1.0
132,208 , 3.1
132,208 , 5.0
132,208 , 3.9
132,208 , 1.0
132,208 , 3.3
132,208 , 1.0
132,208 , 3.4
132,208 , 3.7
132,208 , 3.8
132,208 , 3.7
132,208 , 3.7
132,208 , 3.4
83,105 , 4.0
83,105 , 4.0
83,105 , 3.7
83,105 , 1.0
83,105 , 1.0
83,105 , 3.9
83,105 , 3.7
83,105 , 4.0
83,105 , 4.3
83,105 , 3.2
83,105 , 3.9
83,105 , 3.7
83,105 , 4.0
83,105 , 3.6
83,105 , 3.1
83,105 , 4.0
83,105 , 4.0
83,105 , 3.3
83,105 , 1.0
83,105 , 1.0
83,105 , 1.0
83,105 , 4.8
83,105 , 4.8
83,105 , 1.0
83,105 , 4.2
83,105 , 5.0
83,105 , 3.2
83,105 , 3.3
83,105 , 2.5
83,105 , 2.0
75,143 , 4.1
75,143 , 5.0
75,143 , 5.0
75,143 , 3.6
75,143 , 3.1
75,143 , 3.7
75,143 , 4.0
75,143 , 4.0
75,143 , 3.9
75,143 , 1.0
75,143 , 4.0
75,143 , 4.0
75,143 , 3.1
75,143 , 3.7
75,143 , 1.0
34,72 , 3.6
34,72 , 2.8
34,72 , 3.7
34,72 , 3.9
34,72 , 4.7
34,72 , 3.4
34,72 , 3.0
34,72 , 3.9
34,72 , 3.7
34,72 , 2.6
34,72 , 3.9
34,72 , 2.4
34,72 , 2.7
34,72 , 2.7
34,72 , 3.2
34,72 , 1.0
34,72 , 3.5
34,72 , 3.3
34,72 , 4.3
37,75 , 3.6
37,75 , 3.2
37,75 , 5.0
37,75 , 1.0
37,75 , 3.7
37,75 , 3.5
37,75 , 3.7
37,75 , 3.8
37,75 , 3.7
37,75 , 3.7
37,75 , 2.6
37,75 , 2.8
37,75 , 4.1
37,75 , 4.1
37,75 , 3.6
37,75 , 1.0
37,75 , 3.2
37,75 , 3.4
37,75 , 3.7
37,75 , 4.2
37,75 , 4.7
113,184 , 1.0
113,184 , 2.8
113,184 , 3.6
113,184 , 3.1
113,184 , 4.1
113,184 , 3.7
113,184 , 3.7
113,184 , 3.5
113,184 , 3.5
113,184 , 3.2
113,184 , 3.9
113,184 , 3.8
113,184 , 4.6
113,184 , 1.0
113,184 , 2.9
113,184 , 2.8
113,184 , 2.8
113,184 , 5.0
113,184 , 4.5
113,184 , 4.1
113,184 , 3.9
113,184 , 3.4
113,184 , 3.7
113,184 , 3.7
113,184 , 3.7
113,184 , 3.3
113,184 , 3.9
113,184 , 4.7
113,184 , 3.4
136,164 , 4.3
136,164 , 4.3
136,164 , 3.6
136,164 , 2.4
136,164 , 1.0
136,164 , 4.2
136,164 , 4.4
136,164 , 3.5
136,164 , 3.5
136,164 , 3.6
136,164 , 5.0
136,164 , 5.0
136,164 , 2.4
136,164 , 4.6
136,164 , 4.4
136,164 , 1.6
136,164 , 0.0
136,164 , 1.0
136,164 , 1.0
136,164 , 3.9
136,164 , 5.0
136,164 , 4.7
136,164 , 1.0
136,164 , 2.7
136,164 , 3.0
136,164 , 1.0
136,164 , 2.1
136,164 , 3.9
46,80 , 3.4
46,80 , 3.8
46,80 , 4.1
46,80 , 3.7
46,80 , 3.8
46,80 , 3.9
46,80 , 3.9
46,80 , 3.3
46,80 , 4.3
46,80 , 3.9
46,80 , 3.7
46,80 , 3.5
46,80 , 4.1
46,80 , 4.5
46,80 , 2.2
46,80 , 2.2
46,80 , 3.4
46,80 , 3.4
46,80 , 3.4
46,80 , 4.2
46,80 , 5.0
46,80 , 4.1
46,80 , 3.0
46,80 , 3.6
46,80 , 3.6
46,80 , 3.3
46,80 , 4.9
46,80 , 3.2
46,80 , 3.4
46,80 , 3.0
79,130 , 3.0
79,130 , 3.8
79,130 , 3.6
79,130 , 3.9
79,130 , 3.2
79,130 , 1.0
79,130 , 5.0
79,130 , 2.8
79,130 , 3.8
79,130 , 4.3
79,130 , 4.7
79,130 , 3.8
79,130 , 5.0
79,130 , 4.2
79,130 , 4.0
79,130 , 3.8
79,130 , 2.6
79,130 , 2.7
79,130 , 4.6
79,130 , 3.8
79,130 , 3.5
79,130 , 4.1
79,130 , 3.8
79,130 , 2.8
79,130 , 4.2
79,130 , 3.5
79,130 , 4.7
79,130 , 1.0
79,130 , 3.8
79,130 , 3.8
91,105 , 3.8
91,105 , 3.1
91,105 , 3.8
91,105 , 3.8
91,105 , 3.2
91,105 , 3.9
91,105 , 3.9
91,105 , 1.6
91,105 , 1.6
91,105 , 2.7
91,105 , 3.7
91,105 , 3.7
91,105 , 3.3
91,105 , 4.7
91,105 , 3.5
91,105 , 3.5
91,105 , 3.6
91,105 , 3.7
91,105 , 3.9
91,105 , 3.3
91,105 , 3.3
91,105 , 3.3
91,105 , 3.8
91,105 , 2.8
91,105 , 3.6
91,105 , 3.7
91,105 , 4.5
91,105 , 3.9
91,105 , 1.0
91,105 , 7.5
31,56 , 4.0
31,56 , 3.5
31,56 , 3.2
31,56 , 3.1
31,56 , 3.2
31,56 , 2.5
31,56 , 3.2
31,56 , 3.2
31,56 , 4.7
31,56 , 3.9
31,56 , 8.1
31,56 , 4.1
31,56 , 4.7
31,56 , 4.0
31,56 , 4.0
31,56 , 5.0
31,56 , 3.5
31,56 , 1.0
31,56 , 1.0
31,56 , 2.6
31,56 , 3.5
31,56 , 4.1
31,56 , 4.7
31,56 , 1.0
31,56 , 3.7
31,56 , 3.7
31,56 , 3.8
31,56 , 3.4
31,56 , 3.4
31,56 , 3.1
39,81 , 3.1
39,81 , 3.4
39,81 , 4.1
39,81 , 4.1
39,81 , 3.9
39,81 , 2.8
39,81 , 4.5
39,81 , 3.8
39,81 , 4.8
39,81 , 3.2
39,81 , 3.9
39,81 , 3.7
39,81 , 3.3
39,81 , 4.7
39,81 , 3.3
39,81 , 4.0
39,81 , 4.6
39,81 , 3.2
39,81 , 3.3
39,81 , 3.9
39,81 , 3.7
39,81 , 3.4
39,81 , 1.0
39,81 , 4.4
39,81 , 4.4
39,81 , 4.1
39,81 , 3.5
39,81 , 3.5
39,81 , 3.8
39,81 , 3.9
99,174 , 1.0
99,174 , 1.0
99,174 , 3.8
99,174 , 3.6
99,174 , 4.8
99,174 , 5.0
99,174 , 3.7
99,174 , 3.7
99,174 , 3.7
99,174 , 4.5
99,174 , 4.5
99,174 , 3.4
99,174 , 3.9
99,174 , 3.8
99,174 , 3.8
99,174 , 3.5
99,174 , 3.4
99,174 , 4.0
99,174 , 3.8
99,174 , 3.8
99,174 , 3.8
99,174 , 5.0
99,174 , 5.0
99,174 , 4.5
99,174 , 3.7
99,174 , 3.7
99,174 , 1.0
99,174 , 3.3
99,174 , 3.3
99,174 , 3.3
76,147 , 3.7
76,147 , 2.7
76,147 , 3.5
76,147 , 3.1
76,147 , 3.1
76,147 , 3.9
76,147 , 3.7
76,147 , 3.5
76,147 , 4.1
76,147 , 4.1
76,147 , 4.1
76,147 , 2.0
76,147 , 4.1
76,147 , 4.0
76,147 , 4.6
76,147 , 5.0
76,147 , 1.0
76,147 , 3.7
76,147 , 3.7
76,147 , 2.7
76,147 , 2.7
76,147 , 3.9
76,147 , 4.2
76,147 , 4.1
76,147 , 1.0
76,147 , 3.7
76,147 , 3.7
76,147 , 3.7
76,147 , 4.5
76,147 , 3.3
62,109 , 3.3
62,109 , 3.3
62,109 , 3.3
62,109 , 3.6
62,109 , 3.1
62,109 , 5.0
62,109 , 3.3
62,109 , 3.3
62,109 , 1.0
62,109 , 3.9
62,109 , 2.3
62,109 , 3.4
62,109 , 3.0
62,109 , 3.5
62,109 , 4.1
62,109 , 4.6
62,109 , 3.1
62,109 , 4.1
62,109 , 3.1
62,109 , 3.7
62,109 , 3.6
62,109 , 1.0
62,109 , 3.3
62,109 , 3.3
62,109 , 3.2
62,109 , 4.2
62,109 , 4.2
62,109 , 1.0
62,109 , 4.0
62,109 , 2.9
70,123 , 3.4
70,123 , 4.0
70,123 , 3.7
70,123 , 1.0
70,123 , 3.6
70,123 , 3.7
70,123 , 3.6
70,123 , 4.0
70,123 , 4.7
70,123 , 2.9
70,123 , 1.0
70,123 , 3.3
70,123 , 4.2
70,123 , 2.9
70,123 , 3.4
70,123 , 1.0
40,73 , 3.5
40,73 , 2.9
40,73 , 3.7
40,73 , 3.7
40,73 , 3.2
40,73 , 4.5
40,73 , 3.8
40,73 , 3.3
40,73 , 3.7
40,73 , 3.7
40,73 , 2.6
40,73 , 4.6
40,73 , 4.6
40,73 , 2.2
40,73 , 3.2
40,73 , 3.7
40,73 , 3.7
40,73 , 3.7
38,59 , 3.9
38,59 , 4.3
38,59 , 3.7
38,59 , 2.9
38,59 , 4.6
38,59 , 3.4
38,59 , 3.5
38,59 , 3.5
38,59 , 2.5
38,59 , 4.1
38,59 , 3.6
38,59 , 4.1
38,59 , 3.7
38,59 , 3.8
38,59 , 3.2
38,59 , 3.9
38,59 , 3.9
38,59 , 3.5
38,59 , 4.4
38,59 , 4.0
60,105 , 4.1
60,105 , 2.7
60,105 , 1.0
60,105 , 3.6
60,105 , 3.6
60,105 , 3.1
60,105 , 3.6
60,105 , 1.0
60,105 , 3.2
60,105 , 3.7
60,105 , 3.2
60,105 , 5.0
60,105 , 4.6
60,105 , 3.9
60,105 , 3.9
60,105 , 3.1
60,105 , 3.1
60,105 , 1.0
60,105 , 3.9
60,105 , 3.2
60,105 , 4.2
60,105 , 4.2
60,105 , 3.6
60,105 , 1.0
60,105 , 3.7
60,105 , 4.2
60,105 , 3.6
60,105 , 3.2
60,105 , 3.4
60,105 , 4.9
69,144 , 2.9
69,144 , 3.9
69,144 , 3.9
69,144 , 3.5
69,144 , 6.3
69,144 , 1.0
69,144 , 3.3
69,144 , 3.3
69,144 , 3.9
69,144 , 1.0
69,144 , 3.3
69,144 , 2.4
69,144 , 2.4
69,144 , 3.4
69,144 , 3.3
69,144 , 3.0
69,144 , 5.0
69,144 , 5.0
69,144 , 5.0
69,144 , 3.2
69,144 , 1.0
69,144 , 3.9
69,144 , 3.7
69,144 , 3.4
69,144 , 2.9
69,144 , 3.8
69,144 , 4.6
69,144 , 5.0
69,144 , 3.9
69,144 , 3.9
47,82 , 1.0
47,82 , 2.9
47,82 , 2.9
47,82 , 3.5
47,82 , 2.7
47,82 , 1.0
47,82 , 3.5
47,82 , 3.6
47,82 , 3.7
90,175 , 3.7
90,175 , 3.7
90,175 , 3.5
90,175 , 3.3
90,175 , 4.9
90,175 , 3.9
90,175 , 2.2
90,175 , 3.9
90,175 , 1.0
90,175 , 4.2
90,175 , 3.4
90,175 , 3.4
90,175 , 1.0
90,175 , 3.0
90,175 , 3.8
90,175 , 3.3
90,175 , 3.2
90,175 , 4.1
90,175 , 3.4
90,175 , 4.9
90,175 , 3.7
90,175 , 4.0
90,175 , 2.9
90,175 , 3.2
90,175 , 1.0
90,175 , 3.5
90,175 , 3.7
90,175 , 4.4
90,175 , 3.4
90,175 , 4.1
39,87 , 3.3
39,87 , 3.6
39,87 , 4.1
39,87 , 4.1
39,87 , 3.9
39,87 , 3.8
39,87 , 3.0
39,87 , 3.0
39,87 , 3.9
39,87 , 3.2
39,87 , 3.4
39,87 , 3.1
39,87 , 3.6
39,87 , 3.5
39,87 , 4.8
39,87 , 5.0
39,87 , 4.3
39,87 , 2.8
39,87 , 3.1
39,87 , 1.0
39,87 , 1.0
39,87 , 2.5
39,87 , 3.7
39,87 , 3.7
39,87 , 3.7
39,87 , 3.8
39,87 , 2.5
39,87 , 3.6
39,87 , 3.7
39,87 , 3.7
36,71 , 3.9
36,71 , 3.4
36,71 , 1.0
36,71 , 1.0
36,71 , 4.9
36,71 , 4.0
36,71 , 4.9
36,71 , 3.9
36,71 , 3.7
36,71 , 4.2
36,71 , 1.0
36,71 , 3.8
36,71 , 3.7
36,71 , 2.4
36,71 , 1.0
36,71 , 3.3
36,71 , 3.3
36,71 , 3.2
36,71 , 3.2
36,71 , 3.6
36,71 , 2.5
36,71 , 3.2
36,71 , 2.8
36,71 , 3.9
36,71 , 3.9
36,71 , 3.3
36,71 , 3.5
36,71 , 3.2
36,71 , 4.0
36,71 , 1.0
55,117 , 2.7
55,117 , 3.5
55,117 , 3.0
55,117 , 4.3
55,117 , 3.7
55,117 , 3.6
55,117 , 2.7
55,117 , 4.1
55,117 , 4.1
55,117 , 9.5
55,117 , 3.6
55,117 , 3.6
55,117 , 3.8
55,117 , 3.6
55,117 , 4.1
55,117 , 3.5
55,117 , 1.0
55,117 , 3.6
55,117 , 1.0
55,117 , 4.9
55,117 , 3.3
55,117 , 4.6
55,117 , 4.6
55,117 , 2.7
55,117 , 4.6
55,117 , 3.4
55,117 , 4.0
55,117 , 4.2
55,117 , 3.7
55,117 , 3.7
114,144 , 2.8
114,144 , 1.0
114,144 , 2.4
114,144 , 1.0
114,144 , 3.0
114,144 , 3.0
114,144 , 1.0
114,144 , 1.0
114,144 , 3.3
114,144 , 2.7
114,144 , 2.7
114,144 , 4.1
114,144 , 3.8
114,144 , 1.0
114,144 , 4.4
114,144 , 3.6
114,144 , 3.8
114,144 , 3.7
114,144 , 3.7
114,144 , 3.6
114,144 , 3.6
114,144 , 3.9
114,144 , 2.8
114,144 , 2.7
114,144 , 4.5
114,144 , 1.0
114,144 , 8.4
114,144 , 3.5
114,144 , 3.6
114,144 , 3.8
138,217 , 3.2
138,217 , 1.0
138,217 , 1.0
138,217 , 3.3
138,217 , 5.0
138,217 , 3.3
138,217 , 4.5
138,217 , 2.8
138,217 , 4.0
138,217 , 3.9
138,217 , 3.8
138,217 , 3.9
138,217 , 4.6
138,217 , 3.0
138,217 , 3.7
138,217 , 4.4
138,217 , 4.4
138,217 , 3.1
138,217 , 2.0
138,217 , 3.6
138,217 , 4.1
138,217 , 4.5
138,217 , 2.7
138,217 , 3.7
138,217 , 4.1
138,217 , 4.0
138,217 , 4.1
138,217 , 3.7
138,217 , 1.0
138,217 , 3.2
72,97 , 3.2
72,97 , 1.0
72,97 , 3.2
72,97 , 3.2
72,97 , 3.7
72,97 , 3.6
72,97 , 1.0
72,97 , 1.0
72,97 , 4.1
72,97 , 1.0
72,97 , 3.7
72,97 , 4.1
72,97 , 1.0
72,97 , 4.1
72,97 , 4.1
72,97 , 4.1
72,97 , 5.0
72,97 , 6.3
72,97 , 3.7
72,97 , 3.7
72,97 , 2.0
72,97 , 3.2
72,97 , 3.2
72,97 , 4.1
72,97 , 1.0
72,97 , 3.2
72,97 , 3.2
72,97 , 4.9
72,97 , 5.2
72,97 , 3.1
73,136 , 3.8
73,136 , 3.8
73,136 , 4.2
73,136 , 2.4
73,136 , 4.0
73,136 , 4.1
73,136 , 1.0
73,136 , 3.3
73,136 , 1.0
73,136 , 3.4
73,136 , 3.1
73,136 , 1.0
73,136 , 3.1
73,136 , 3.8
73,136 , 3.1
73,136 , 3.5
73,136 , 4.1
73,136 , 1.0
73,136 , 3.6
73,136 , 3.6
73,136 , 1.0
73,136 , 4.1
73,136 , 4.1
73,136 , 4.2
73,136 , 4.2
73,136 , 3.5
73,136 , 3.5
73,136 , 4.2
73,136 , 4.2
73,136 , 1.0
94,151 , 4.2
94,151 , 4.0
94,151 , 4.2
94,151 , 3.5
94,151 , 4.4
94,151 , 3.1
94,151 , 3.6
94,151 , 3.6
94,151 , 4.8
94,151 , 4.4
94,151 , 4.1
94,151 , 3.1
94,151 , 4.6
94,151 , 4.9
94,151 , 4.2
94,151 , 3.3
94,151 , 3.3
94,151 , 1.0
94,151 , 3.9
94,151 , 3.9
94,151 , 4.4
94,151 , 4.0
94,151 , 2.8
94,151 , 3.7
94,151 , 3.5
94,151 , 1.0
94,151 , 4.3
94,151 , 4.3
94,151 , 3.8
94,151 , 3.3
97,159 , 4.8
97,159 , 3.2
97,159 , 3.6
97,159 , 4.6
97,159 , 3.7
97,159 , 4.8
97,159 , 4.8
97,159 , 3.9
97,159 , 3.8
97,159 , 4.1
97,159 , 1.0
97,159 , 4.6
97,159 , 1.0
97,159 , 4.9
97,159 , 3.5
97,159 , 3.5
97,159 , 3.1
97,159 , 3.2
97,159 , 3.6
97,159 , 4.1
97,159 , 3.6
97,159 , 3.6
97,159 , 4.0
97,159 , 1.0
97,159 , 3.1
97,159 , 3.4
97,159 , 3.7
97,159 , 3.7
97,159 , 3.2
97,159 , 3.6
97,159 , 3.6
97,159 , 3.9
46,104 , 3.5
46,104 , 3.6
46,104 , 2.9
46,104 , 4.0
46,104 , 3.6
46,104 , 3.7
46,104 , 3.7
46,104 , 3.8
46,104 , 3.9
46,104 , 1.0
46,104 , 3.9
46,104 , 3.5
46,104 , 3.9
46,104 , 4.8
46,104 , 4.8
46,104 , 3.0
46,104 , 3.2
46,104 , 4.0
46,104 , 3.7
46,104 , 1.0
46,104 , 1.0
46,104 , 3.9
46,104 , 3.7
46,104 , 4.6
46,104 , 4.0
46,104 , 4.9
46,104 , 4.9
46,104 , 3.9
46,104 , 3.9
45,81 , 4.0
45,81 , 2.9
45,81 , 4.0
45,81 , 4.0
45,81 , 3.7
45,81 , 3.8
45,81 , 4.0
45,81 , 3.7
45,81 , 3.7
45,81 , 2.9
45,81 , 3.6
45,81 , 3.6
45,81 , 1.0
45,81 , 5.0
45,81 , 4.7
45,81 , 3.8
45,81 , 3.4
45,81 , 1.0
45,81 , 3.2
45,81 , 2.9
45,81 , 3.1
45,81 , 3.7
45,81 , 4.0
45,81 , 4.0
45,81 , 4.3
45,81 , 3.0
45,81 , 2.9
45,81 , 3.4
45,81 , 3.8
92,144 , 2.5
92,144 , 3.9
92,144 , 1.0
92,144 , 3.1
92,144 , 3.2
92,144 , 3.2
92,144 , 2.9
92,144 , 2.9
92,144 , 2.5
92,144 , 3.2
92,144 , 5.0
92,144 , 5.0
92,144 , 3.6
92,144 , 3.5
92,144 , 3.8
92,144 , 4.5
92,144 , 3.6
92,144 , 3.6
92,144 , 4.2
92,144 , 4.3
92,144 , 3.9
92,144 , 4.3
92,144 , 4.3
92,144 , 3.9
92,144 , 4.8
92,144 , 2.8
92,144 , 3.9
92,144 , 1.0
92,144 , 3.3
92,144 , 3.3
64,97 , 1.0
64,97 , 3.4
64,97 , 3.4
64,97 , 4.2
64,97 , 4.0
64,97 , 3.8
64,97 , 3.2
64,97 , 1.0
64,97 , 3.5
64,97 , 3.5
64,97 , 1.0
64,97 , 3.0
64,97 , 2.9
64,97 , 2.9
64,97 , 2.7
64,97 , 1.8
64,97 , 5.0
64,97 , 5.0
64,97 , 4.4
64,97 , 3.9
64,97 , 1.8
64,97 , 3.6
64,97 , 1.0
64,97 , 1.0
64,97 , 5.0
64,97 , 1.6
64,97 , 3.2
64,97 , 3.7
64,97 , 4.1
64,97 , 4.1
47,73 , 3.2
47,73 , 1.8
47,73 , 3.6
47,73 , 3.0
47,73 , 4.1
47,73 , 4.9
47,73 , 4.2
47,73 , 4.3
47,73 , 4.0
47,73 , 3.0
47,73 , 4.2
47,73 , 3.9
47,73 , 3.5
47,73 , 5.0
47,73 , 5.0
47,73 , 3.9
47,73 , 3.4
47,73 , 3.1
47,73 , 4.1
47,73 , 3.9
47,73 , 4.6
47,73 , 3.4
47,73 , 1.0
47,73 , 3.6
47,73 , 3.6
47,73 , 4.8
47,73 , 3.6
47,73 , 4.1
47,73 , 4.1
47,73 , 1.0
84,156 , 4.0
84,156 , 3.5
84,156 , 1.0
84,156 , 3.5
84,156 , 3.1
84,156 , 3.4
84,156 , 1.0
84,156 , 4.1
84,156 , 4.1
84,156 , 5.0
84,156 , 4.0
84,156 , 5.0
84,156 , 1.0
84,156 , 4.0
84,156 , 4.3
84,156 , 1.0
84,156 , 3.2
84,156 , 4.0
84,156 , 3.9
84,156 , 4.0
84,156 , 1.0
84,156 , 1.0
84,156 , 3.8
84,156 , 3.8
84,156 , 4.2
84,156 , 1.0
84,156 , 1.0
84,156 , 1.0
84,156 , 4.1
84,156 , 4.1
97,111 , 4.0
97,111 , 1.0
97,111 , 3.7
97,111 , 1.0
97,111 , 1.0
97,111 , 2.9
97,111 , 3.6
97,111 , 8.8
97,111 , 1.0
97,111 , 3.7
97,111 , 1.8
97,111 , 3.6
97,111 , 2.9
97,111 , 4.2
97,111 , 2.5
97,111 , 3.7
97,111 , 3.1
97,111 , 3.6
97,111 , 3.6
97,111 , 3.6
97,111 , 3.2
84,101 , 3.2
84,101 , 3.8
84,101 , 3.6
84,101 , 3.1
84,101 , 3.1
84,101 , 3.4
84,101 , 3.4
84,101 , 3.9
84,101 , 3.8
84,101 , 3.2
84,101 , 3.5
84,101 , 4.1
84,101 , 3.1
84,101 , 3.1
84,101 , 3.5
84,101 , 3.9
84,101 , 3.5
84,101 , 3.5
84,101 , 1.0
84,101 , 5.0
84,101 , 4.1
84,101 , 3.8
84,101 , 4.2
84,101 , 4.2
84,101 , 4.2
84,101 , 3.6
84,101 , 3.2
84,101 , 3.2
99,173 , 3.9
99,173 , 3.9
99,173 , 3.9
99,173 , 4.2
99,173 , 3.8
99,173 , 3.1
93,151 , 3.1
93,151 , 4.0
93,151 , 4.2
93,151 , 4.6
93,151 , 5.0
93,151 , 3.7
93,151 , 3.5
93,151 , 3.5
93,151 , 3.8
93,151 , 3.6
93,151 , 4.3
93,151 , 3.7
93,151 , 4.2
93,151 , 4.5
93,151 , 4.7
93,151 , 3.1
93,151 , 3.1
93,151 , 3.9
93,151 , 4.4
93,151 , 3.6
93,151 , 3.2
93,151 , 3.7
93,151 , 2.9
93,151 , 2.9
93,151 , 3.4
93,151 , 3.4
93,151 , 3.1
93,151 , 3.2
93,151 , 3.2
93,151 , 4.7
93,151 , 8.0
50,87 , 4.7
50,87 , 3.9
50,87 , 3.9
50,87 , 5.0
50,87 , 4.6
50,87 , 3.5
50,87 , 3.7
50,87 , 3.3
50,87 , 1.6
50,87 , 1.6
50,87 , 3.8
50,87 , 2.6
50,87 , 3.9
50,87 , 3.7
50,87 , 3.7
50,87 , 3.4
50,87 , 4.0
50,87 , 2.8
50,87 , 3.9
50,87 , 2.8
50,87 , 3.0
50,87 , 3.8
50,87 , 3.6
50,87 , 3.1
50,87 , 3.9
50,87 , 3.7
50,87 , 3.7
50,87 , 4.6
50,87 , 3.6
50,87 , 2.7
71,117 , 3.8
71,117 , 3.3
71,117 , 4.3
71,117 , 3.7
71,117 , 4.7
71,117 , 3.6
71,117 , 3.6
71,117 , 3.6
71,117 , 4.0
71,117 , 4.0
71,117 , 3.7
71,117 , 3.7
71,117 , 3.7
71,117 , 2.4
71,117 , 3.5
71,117 , 3.9
71,117 , 1.0
71,117 , 3.5
71,117 , 3.8
71,117 , 2.7
71,117 , 5.0
71,117 , 3.5
71,117 , 3.9
71,117 , 3.7
71,117 , 3.7
71,117 , 4.3
71,117 , 3.0
71,117 , 4.3
71,117 , 3.7
71,117 , 4.0
44,80 , 3.7
44,80 , 3.6
44,80 , 3.3
44,80 , 3.5
44,80 , 3.5
44,80 , 4.1
44,80 , 3.5
44,80 , 2.6
44,80 , 3.7
44,80 , 3.6
44,80 , 3.2
44,80 , 2.5
44,80 , 3.7
44,80 , 3.8
44,80 , 4.3
44,80 , 3.2
44,80 , 3.4
44,80 , 3.6
44,80 , 4.5
44,80 , 3.9
44,80 , 3.2
44,80 , 4.7
44,80 , 3.2
44,80 , 5.0
44,80 , 3.1
44,80 , 3.1
44,80 , 4.7
44,80 , 3.8
44,80 , 3.4
44,80 , 3.7
94,166 , 3.7
94,166 , 4.0
94,166 , 3.3
94,166 , 5.0
94,166 , 3.2
94,166 , 3.8
94,166 , 3.8
94,166 , 4.0
94,166 , 2.8
94,166 , 4.6
94,166 , 3.6
94,166 , 4.5
94,166 , 3.6
94,166 , 4.4
94,166 , 3.8
94,166 , 3.8
94,166 , 3.9
94,166 , 4.6
94,166 , 4.0
94,166 , 3.6
94,166 , 1.0
94,166 , 3.2
94,166 , 3.0
94,166 , 3.1
94,166 , 4.3
94,166 , 3.2
94,166 , 5.0
94,166 , 3.2
94,166 , 2.9
94,166 , 2.9
65,100 , 3.2
65,100 , 1.0
65,100 , 3.6
65,100 , 3.2
65,100 , 5.0
65,100 , 3.1
65,100 , 3.1
65,100 , 1.0
65,100 , 0.0
65,100 , 3.0
65,100 , 3.7
65,100 , 3.7
65,100 , 4.5
65,100 , 4.2
65,100 , 3.4
65,100 , 3.5
65,100 , 3.5
65,100 , 3.4
65,100 , 3.2
65,100 , 3.2
65,100 , 4.2
65,100 , 3.4
65,100 , 4.5
65,100 , 4.5
65,100 , 3.4
65,100 , 3.4
65,100 , 3.2
65,100 , 3.8
65,100 , 4.5
41,74 , 3.7
46,83 , 3.7
46,83 , 3.7
46,83 , 3.4
46,83 , 3.6
46,83 , 3.1
46,83 , 2.5
46,83 , 2.5
46,83 , 1.0
46,83 , 3.3
46,83 , 3.3
46,83 , 3.2
46,83 , 2.6
46,83 , 3.4
46,83 , 3.4
46,83 , 3.4
46,83 , 4.3
46,83 , 4.3
46,83 , 3.1
46,83 , 3.2
46,83 , 3.7
46,83 , 4.7
46,83 , 3.9
46,83 , 2.6
46,83 , 3.7
46,83 , 3.4
46,83 , 3.6
46,83 , 4.2
46,83 , 1.0
46,83 , 3.2
46,83 , 3.2
45,106 , 2.6
45,106 , 1.0
45,106 , 2.7
45,106 , 2.7
45,106 , 4.0
45,106 , 3.0
45,106 , 3.9
45,106 , 1.0
45,106 , 3.9
45,106 , 1.6
45,106 , 4.4
45,106 , 4.4
45,106 , 4.0
45,106 , 1.0
45,106 , 3.2
45,106 , 1.0
45,106 , 1.0
45,106 , 4.0
45,106 , 4.3
45,106 , 4.1
45,106 , 5.0
71,122 , 1.0
71,122 , 3.8
71,122 , 3.7
71,122 , 3.2
71,122 , 4.0
71,122 , 1.0
71,122 , 4.0
71,122 , 3.8
71,122 , 3.9
71,122 , 3.9
71,122 , 3.2
71,122 , 2.6
71,122 , 4.0
71,122 , 4.3
71,122 , 3.6
71,122 , 1.8
71,122 , 3.7
71,122 , 4.3
71,122 , 3.6
71,122 , 3.6
71,122 , 3.3
71,122 , 3.4
71,122 , 2.7
71,122 , 2.7
71,122 , 4.0
71,122 , 4.0
71,122 , 3.8
71,122 , 3.0
71,122 , 3.4
71,122 , 3.2
143,237 , 3.1
143,237 , 3.9
143,237 , 8.6
143,237 , 3.6
143,237 , 3.9
143,237 , 3.9
143,237 , 3.7
143,237 , 3.7
143,237 , 3.9
143,237 , 3.2
143,237 , 3.8
143,237 , 3.9
143,237 , 3.9
143,237 , 4.1
143,237 , 3.2
143,237 , 3.9
143,237 , 3.6
143,237 , 3.6
143,237 , 3.9
143,237 , 4.0
143,237 , 3.5
143,237 , 4.0
143,237 , 4.0
143,237 , 4.0
143,237 , 3.7
143,237 , 3.7
70,154 , 3.9
70,154 , 1.0
70,154 , 3.4
70,154 , 3.7
70,154 , 4.0
70,154 , 4.0
70,154 , 1.0
70,154 , 1.0
70,154 , 1.0
70,154 , 3.6
70,154 , 4.0
70,154 , 4.0
70,154 , 4.0
70,154 , 3.9
70,154 , 3.6
70,154 , 3.2
70,154 , 4.6
68,89 , 3.9
68,89 , 3.8
68,89 , 3.4
68,89 , 4.4
68,89 , 3.9
68,89 , 3.9
68,89 , 3.4
68,89 , 3.7
68,89 , 3.6
68,89 , 3.8
68,89 , 3.8
68,89 , 4.4
68,89 , 3.0
68,89 , 3.9
68,89 , 3.9
68,89 , 3.1
68,89 , 3.4
68,89 , 3.9
55,101 , 3.4
55,101 , 3.2
55,101 , 3.7
55,101 , 3.7
55,101 , 3.4
55,101 , 4.5
55,101 , 4.5
55,101 , 3.9
55,101 , 3.4
55,101 , 1.0
55,101 , 4.0
55,101 , 3.7
55,101 , 5.0
55,101 , 1.0
55,101 , 1.6
55,101 , 1.6
55,101 , 3.6
55,101 , 4.8
55,101 , 4.8
55,101 , 3.2
55,101 , 2.6
55,101 , 4.1
55,101 , 3.3
55,101 , 1.0
55,101 , 1.0
55,101 , 3.6
55,101 , 3.6
55,101 , 3.9
98,152 , 3.9
98,152 , 3.6
98,152 , 3.6
98,152 , 4.1
98,152 , 3.6
98,152 , 3.8
98,152 , 3.8
98,152 , 4.5
98,152 , 4.1
98,152 , 4.4
98,152 , 4.1
98,152 , 4.1
98,152 , 1.0
98,152 , 3.2
98,152 , 3.2
98,152 , 3.7
98,152 , 3.6
98,152 , 4.1
98,152 , 4.9
98,152 , 5.0
98,152 , 3.5
98,152 , 3.4
98,152 , 4.1
98,152 , 4.0
98,152 , 3.4
98,152 , 3.6
98,152 , 3.6
98,152 , 3.5
98,152 , 3.9
98,152 , 3.9
98,152 , 3.6
54,92 , 3.9
54,92 , 3.6
54,92 , 4.1
54,92 , 3.9
54,92 , 3.9
54,92 , 4.2
54,92 , 3.6
54,92 , 5.0
54,92 , 3.6
54,92 , 3.6
54,92 , 3.1
54,92 , 3.4
54,92 , 3.5
54,92 , 3.5
54,92 , 3.1
54,92 , 4.0
54,92 , 4.0
54,92 , 4.0
54,92 , 3.9
54,92 , 3.9
54,92 , 3.6
54,92 , 4.0
54,92 , 4.2
54,92 , 3.9
54,92 , 1.0
54,92 , 4.9
54,92 , 3.6
54,92 , 3.5
54,92 , 4.3
74,140 , 3.8
74,140 , 3.6
74,140 , 3.8
74,140 , 3.8
74,140 , 3.8
74,140 , 3.0
74,140 , 4.1
74,140 , 4.3
74,140 , 2.5
74,140 , 1.0
74,140 , 4.1
74,140 , 4.0
74,140 , 4.0
74,140 , 1.0
74,140 , 2.5
74,140 , 1.0
74,140 , 3.0
74,140 , 4.1
74,140 , 3.4
74,140 , 1.0
74,140 , 3.6
74,140 , 3.6
74,140 , 3.7
74,140 , 3.7
74,140 , 3.3
74,140 , 3.1
74,140 , 3.1
74,140 , 3.2
74,140 , 4.0
74,140 , 4.5
83,154 , 3.0
83,154 , 3.5
83,154 , 3.2
83,154 , 3.2
83,154 , 4.1
83,154 , 4.1
83,154 , 4.3
83,154 , 1.0
83,154 , 4.7
83,154 , 4.7
83,154 , 1.0
83,154 , 3.6
83,154 , 3.6
83,154 , 1.0
83,154 , 3.5
83,154 , 3.5
83,154 , 3.3
83,154 , 3.4
83,154 , 3.7
83,154 , 3.7
83,154 , 3.4
83,154 , 3.0
83,154 , 4.1
83,154 , 3.3
83,154 , 4.0
83,154 , 1.0
83,154 , 4.1
83,154 , 3.9
83,154 , 3.9
83,154 , 1.0
52,91 , 4.2
52,91 , 4.1
52,91 , 2.8
52,91 , 1.0
52,91 , 1.0
52,91 , 0.1
52,91 , 1.0
52,91 , 0.8
52,91 , 3.0
52,91 , 1.0
52,91 , 3.6
52,91 , 3.6
52,91 , 3.6
52,91 , 3.3
52,91 , 3.8
52,91 , 1.0
52,91 , 4.0
52,91 , 4.2
52,91 , 4.3
52,91 , 4.1
52,91 , 3.1
52,91 , 3.1
52,91 , 3.8
52,91 , 3.5
52,91 , 3.8
52,91 , 4.1
52,91 , 4.1
52,91 , 4.2
52,91 , 4.3
52,91 , 4.0
43,76 , 3.3
43,76 , 4.0
43,76 , 4.0
43,76 , 3.9
43,76 , 3.4
43,76 , 1.0
43,76 , 3.0
43,76 , 4.1
43,76 , 3.7
43,76 , 1.0
43,76 , 4.1
43,76 , 2.9
43,76 , 1.0
43,76 , 3.5
43,76 , 3.5
43,76 , 3.5
43,76 , 4.1
43,76 , 3.5
43,76 , 3.4
43,76 , 3.4
43,76 , 3.2
43,76 , 3.6
43,76 , 3.0
43,76 , 3.5
43,76 , 4.1
43,76 , 1.0
43,76 , 1.0
43,76 , 3.7
43,76 , 1.0
43,76 , 4.1
114,146 , 3.6
114,146 , 4.1
114,146 , 3.8
114,146 , 1.0
114,146 , 3.9
114,146 , 3.4
114,146 , 4.1
114,146 , 2.4
114,146 , 3.3
114,146 , 2.3
114,146 , 3.8
114,146 , 4.1
114,146 , 4.7
114,146 , 2.9
114,146 , 3.2
114,146 , 2.8
114,146 , 4.6
114,146 , 3.5
114,146 , 3.6
114,146 , 3.0
114,146 , 3.5
114,146 , 4.5
114,146 , 4.2
114,146 , 2.8
114,146 , 3.6
114,146 , 4.5
114,146 , 4.5
114,146 , 3.9
114,146 , 3.7
114,146 , 3.7
60,124 , 2.9
60,124 , 3.3
60,124 , 3.3
60,124 , 3.9
60,124 , 3.0
60,124 , 1.0
60,124 , 4.1
60,124 , 4.1
60,124 , 4.2
60,124 , 3.3
60,124 , 3.9
60,124 , 4.5
60,124 , 1.0
60,124 , 3.1
60,124 , 4.1
60,124 , 3.6
60,124 , 2.8
60,124 , 3.6
60,124 , 4.3
60,124 , 1.0
60,124 , 4.2
60,124 , 4.2
60,124 , 3.9
60,124 , 3.3
60,124 , 4.3
60,124 , 3.7
60,124 , 4.1
60,124 , 3.9
60,124 , 3.6
60,124 , 3.2
60,124 , 4.3
46,82 , 4.0
46,82 , 2.3
46,82 , 1.0
46,82 , 3.4
46,82 , 3.6
46,82 , 1.0
46,82 , 1.0
46,82 , 5.0
46,82 , 1.0
46,82 , 4.0
46,82 , 1.0
46,82 , 3.7
46,82 , 3.7
46,82 , 4.1
46,82 , 3.9
46,82 , 3.9
46,82 , 3.9
46,82 , 3.9
46,82 , 2.6
46,82 , 3.7
46,82 , 3.9
46,82 , 3.7
46,82 , 4.0
46,82 , 3.9
46,82 , 4.9
46,82 , 4.0
46,82 , 3.8
46,82 , 4.1
46,82 , 4.4
46,82 , 4.1
83,165 , 3.4
83,165 , 4.9
83,165 , 3.7
83,165 , 1.5
83,165 , 3.3
83,165 , 3.5
83,165 , 4.9
83,165 , 4.0
83,165 , 5.0
83,165 , 3.4
83,165 , 4.1
83,165 , 3.6
83,165 , 3.6
83,165 , 3.8
83,165 , 3.7
83,165 , 4.9
83,165 , 4.0
83,165 , 4.0
83,165 , 3.2
83,165 , 3.5
83,165 , 1.0
83,165 , 3.7
83,165 , 3.7
83,165 , 5.0
83,165 , 4.8
83,165 , 3.6
83,165 , 3.8
83,165 , 3.8
83,165 , 1.0
83,165 , 3.4
71,122 , 3.8
71,122 , 4.5
71,122 , 1.0
71,122 , 3.5
71,122 , 8.1
71,122 , 3.0
71,122 , 3.7
71,122 , 3.7
71,122 , 4.1
71,122 , 3.7
71,122 , 3.7
71,122 , 3.4
71,122 , 3.1
71,122 , 3.0
71,122 , 4.2
71,122 , 1.0
71,122 , 4.2
71,122 , 4.9
71,122 , 4.3
71,122 , 5.0
71,122 , 3.2
71,122 , 3.8
71,122 , 4.2
71,122 , 3.2
71,122 , 3.6
71,122 , 4.0
71,122 , 3.7
71,122 , 1.0
71,122 , 4.8
71,122 , 3.8
39,69 , 4.0
39,69 , 4.3
39,69 , 4.3
39,69 , 3.5
39,69 , 2.9
39,69 , 3.4
39,69 , 3.4
39,69 , 3.6
39,69 , 5.0
39,69 , 4.9
39,69 , 3.1
39,69 , 3.8
39,69 , 3.8
39,69 , 4.3
39,69 , 1.0
39,69 , 1.0
39,69 , 1.0
39,69 , 1.0
39,69 , 3.6
39,69 , 4.6
39,69 , 3.2
39,69 , 3.4
39,69 , 3.4
39,69 , 1.0
39,69 , 4.3
39,69 , 1.0
39,69 , 4.3
39,69 , 4.2
39,69 , 3.8
39,69 , 4.2
88,140 , 4.2
88,140 , 3.5
88,140 , 3.4
88,140 , 3.4
88,140 , 3.8
88,140 , 5.0
88,140 , 5.0
88,140 , 3.2
88,140 , 4.3
88,140 , 1.0
88,140 , 1.0
88,140 , 4.0
88,140 , 4.0
88,140 , 4.2
88,140 , 3.7
88,140 , 3.7
88,140 , 1.0
88,140 , 2.9
88,140 , 3.4
88,140 , 4.8
88,140 , 3.5
88,140 , 1.0
88,140 , 3.3
88,140 , 3.5
88,140 , 2.9
88,140 , 3.5
88,140 , 3.8
88,140 , 1.0
88,140 , 3.6
88,140 , 4.3
74,129 , 4.6
74,129 , 2.9
74,129 , 4.0
74,129 , 4.0
74,129 , 1.0
74,129 , 2.6
74,129 , 4.2
74,129 , 4.2
74,129 , 4.9
74,129 , 3.8
74,129 , 4.2
74,129 , 1.0
74,129 , 1.0
74,129 , 3.4
74,129 , 3.1
74,129 , 4.0
74,129 , 3.7
74,129 , 5.0
74,129 , 4.9
74,129 , 4.1
74,129 , 4.1
74,129 , 1.0
74,129 , 4.3
74,129 , 4.3
74,129 , 1.0
74,129 , 1.0
74,129 , 4.1
74,129 , 4.1
74,129 , 3.5
74,129 , 2.3
114,211 , 4.3
114,211 , 5.0
114,211 , 3.7
114,211 , 3.8
114,211 , 4.3
114,211 , 3.4
114,211 , 3.4
114,211 , 4.0
114,211 , 3.3
114,211 , 4.9
114,211 , 3.3
114,211 , 3.3
114,211 , 4.9
75,149 , 2.9
75,149 , 5.0
75,149 , 1.0
75,149 , 3.8
75,149 , 4.2
75,149 , 3.7
75,149 , 1.0
75,149 , 3.6
75,149 , 4.1
75,149 , 4.1
75,149 , 4.0
75,149 , 2.9
75,149 , 1.0
112,211 , 4.3
112,211 , 3.7
112,211 , 4.2
112,211 , 3.5
112,211 , 4.1
112,211 , 4.1
112,211 , 3.7
112,211 , 3.7
112,211 , 1.0
112,211 , 3.4
112,211 , 4.3
112,211 , 4.3
112,211 , 4.1
112,211 , 4.1
112,211 , 3.8
112,211 , 3.0
112,211 , 3.0
112,211 , 4.2
112,211 , 3.2
112,211 , 4.1
112,211 , 4.1
112,211 , 1.0
62,127 , 2.9
62,127 , 4.0
62,127 , 4.1
62,127 , 2.4
62,127 , 3.8
62,127 , 1.0
62,127 , 4.0
62,127 , 4.0
62,127 , 4.3
62,127 , 4.2
62,127 , 4.1
62,127 , 1.0
62,127 , 3.6
86,178 , 1.0
86,178 , 4.0
86,178 , 3.3
86,178 , 2.5
86,178 , 2.4
86,178 , 3.7
86,178 , 3.7
86,178 , 4.0
86,178 , 3.2
86,178 , 1.0
86,178 , 4.2
86,178 , 3.5
86,178 , 4.2
86,178 , 3.4
86,178 , 2.4
86,178 , 1.0
86,178 , 3.5
86,178 , 1.0
86,178 , 2.8
86,178 , 3.4
110,169 , 4.3
110,169 , 4.1
110,169 , 4.1
110,169 , 4.2
110,169 , 3.1
110,169 , 3.1
110,169 , 4.1
110,169 , 4.0
12,112 , 3.6
12,112 , 4.3
12,112 , 5.0
12,112 , 4.0
12,112 , 4.0
12,112 , 3.3
12,112 , 4.6
12,112 , 5.0
12,112 , 5.0
12,112 , 5.0
12,112 , 3.4
12,112 , 3.4
12,112 , 5.0
12,112 , 3.9
12,112 , 3.5
12,112 , 4.2
12,112 , 3.6
12,112 , 3.5
12,112 , 3.5
12,112 , 4.0
12,112 , 4.0
12,112 , 3.1
12,112 , 4.6
12,112 , 3.1
12,112 , 3.1
12,112 , 1.0
12,112 , 2.5
12,112 , 2.5
12,112 , 3.5
12,112 , 1.0
12,111 , 3.6
12,111 , 3.6
12,111 , 3.0
12,111 , 3.4
12,111 , 4.4
12,111 , 4.4
12,111 , 2.2
12,111 , 2.2
12,111 , 3.6
12,111 , 1.0
12,111 , 4.0
12,111 , 3.6
12,111 , 4.2
12,111 , 4.3
12,111 , 4.3
12,111 , 3.5
12,111 , 3.7
12,111 , 3.8
12,111 , 4.5
12,111 , 1.0
12,111 , 3.9
12,111 , 3.1
12,111 , 3.1
12,111 , 4.8
12,111 , 1.0
12,111 , 4.3
12,111 , 3.4
12,111 , 1.0
12,111 , 3.9
12,111 , 3.6
12,111 , 3.6
134,210 , 3.5
134,210 , 3.6
134,210 , 4.1
134,210 , 5.0
134,210 , 4.7
134,210 , 3.5
134,210 , 1.0
134,210 , 3.9
134,210 , 3.1
134,210 , 2.8
134,210 , 3.6
134,210 , 4.6
134,210 , 4.6
134,210 , 3.0
134,210 , 3.3
134,210 , 4.1
134,210 , 2.8
134,210 , 2.9
134,210 , 3.3
134,210 , 1.0
134,210 , 2.7
134,210 , 4.1
134,210 , 3.8
134,210 , 3.8
134,210 , 3.6
134,210 , 3.6
134,210 , 4.1
134,210 , 5.0
134,210 , 3.0
134,210 , 3.8
49,78 , 1.0
49,78 , 3.7
49,78 , 3.9
49,78 , 2.4
49,78 , 4.6
49,78 , 1.0
49,78 , 3.7
49,78 , 4.0
49,78 , 4.0
49,78 , 4.4
49,78 , 4.4
49,78 , 3.4
49,78 , 1.0
49,78 , 3.3
49,78 , 3.4
49,78 , 3.4
49,78 , 5.0
49,78 , 3.7
49,78 , 3.7
49,78 , 3.9
49,78 , 1.0
49,78 , 4.6
49,78 , 2.5
49,78 , 4.0
49,78 , 3.7
49,78 , 3.7
49,78 , 4.4
49,78 , 3.8
49,78 , 3.7
49,78 , 3.6
48,98 , 4.0
48,98 , 4.0
48,98 , 1.9
48,98 , 3.3
48,98 , 1.7
48,98 , 4.3
48,98 , 4.3
48,98 , 4.5
48,98 , 1.0
48,98 , 4.1
48,98 , 2.9
48,98 , 2.9
48,98 , 4.6
48,98 , 4.1
48,98 , 3.7
48,98 , 3.3
48,98 , 3.3
48,98 , 7.5
48,98 , 3.6
48,98 , 2.8
48,98 , 4.1
48,98 , 2.8
48,98 , 2.8
48,98 , 1.0
48,98 , 3.7
48,98 , 4.4
48,98 , 4.4
48,98 , 3.6
48,98 , 3.3
48,98 , 3.9
85,159 , 4.6
85,159 , 3.6
85,159 , 3.9
85,159 , 3.9
85,159 , 3.2
85,159 , 3.2
85,159 , 4.1
85,159 , 2.4
85,159 , 2.8
85,159 , 3.6
85,159 , 3.6
85,159 , 3.4
85,159 , 4.6
85,159 , 1.0
85,159 , 3.7
85,159 , 4.1
85,159 , 3.0
85,159 , 3.0
85,159 , 5.0
85,159 , 5.0
85,159 , 3.3
85,159 , 3.4
85,159 , 3.9
85,159 , 3.9
85,159 , 3.4
85,159 , 3.4
85,159 , 3.6
85,159 , 3.7
85,159 , 3.7
85,159 , 3.4
51,79 , 2.4
51,79 , 4.3
51,79 , 5.0
51,79 , 4.3
51,79 , 3.7
51,79 , 4.1
51,79 , 3.4
51,79 , 4.4
51,79 , 3.4
51,79 , 4.1
51,79 , 5.0
51,79 , 5.0
51,79 , 5.0
51,79 , 3.8
51,79 , 5.0
51,79 , 5.0
51,79 , 4.0
51,79 , 4.0
51,79 , 5.0
51,79 , 5.0
51,79 , 2.8
51,79 , 3.4
51,79 , 1.0
51,79 , 4.0
51,79 , 1.0
51,79 , 1.0
51,79 , 3.4
51,79 , 4.0
51,79 , 2.9
51,79 , 3.4
49,92 , 3.4
49,92 , 3.5
49,92 , 1.0
49,92 , 4.5
49,92 , 1.0
49,92 , 4.5
49,92 , 4.5
49,92 , 3.0
49,92 , 3.9
49,92 , 4.1
49,92 , 4.1
49,92 , 3.6
49,92 , 2.9
49,92 , 3.1
49,92 , 3.9
49,92 , 3.9
49,92 , 2.4
49,92 , 4.1
49,92 , 4.1
49,92 , 4.5
49,92 , 3.9
49,92 , 3.9
49,92 , 3.9
49,92 , 3.9
49,92 , 4.0
49,92 , 4.4
49,92 , 4.1
49,92 , 4.2
49,92 , 4.6
85,147 , 1.0
85,147 , 4.0
85,147 , 3.8
85,147 , 3.8
85,147 , 2.8
85,147 , 3.7
85,147 , 1.0
85,147 , 3.7
85,147 , 4.0
85,147 , 4.0
85,147 , 4.0
45,78 , 3.3
45,78 , 3.8
45,78 , 4.1
45,78 , 3.6
45,78 , 3.4
45,78 , 1.0
45,78 , 3.7
45,78 , 1.9
45,78 , 3.4
45,78 , 3.0
45,78 , 3.0
45,78 , 3.2
45,78 , 4.0
45,78 , 4.0
45,78 , 4.0
45,78 , 4.2
45,78 , 3.2
45,78 , 3.9
45,78 , 2.6
45,78 , 4.4
45,78 , 1.0
48,89 , 3.5
48,89 , 3.5
48,89 , 2.5
48,89 , 3.3
48,89 , 3.8
48,89 , 4.4
48,89 , 3.7
48,89 , 4.6
48,89 , 2.6
48,89 , 1.0
48,89 , 1.0
48,89 , 4.3
48,89 , 3.9
48,89 , 4.2
48,89 , 3.0
48,89 , 3.7
48,89 , 3.7
48,89 , 3.8
48,89 , 3.8
48,89 , 3.7
48,89 , 5.0
48,89 , 5.0
48,89 , 2.5
48,89 , 2.5
48,89 , 2.5
48,89 , 2.6
48,89 , 3.8
46,91 , 3.8
46,91 , 3.8
46,91 , 3.7
46,91 , 3.0
46,91 , 3.3
46,91 , 4.6
46,91 , 3.9
46,91 , 2.8
46,91 , 2.8
46,91 , 3.4
46,91 , 3.6
46,91 , 1.0
46,91 , 3.9
46,91 , 3.9
46,91 , 4.5
46,91 , 3.7
46,91 , 3.7
46,91 , 3.7
46,91 , 3.7
46,91 , 4.0
46,91 , 3.6
46,91 , 3.7
46,91 , 4.1
46,91 , 1.0
46,91 , 3.7
46,91 , 3.7
46,91 , 1.0
46,91 , 3.6
46,91 , 3.7
46,91 , 3.5
73,102 , 3.5
73,102 , 5.0
73,102 , 2.8
73,102 , 3.1
73,102 , 3.1
73,102 , 5.0
73,102 , 3.4
73,102 , 4.3
73,102 , 3.6
73,102 , 3.5
73,102 , 3.9
73,102 , 5.0
73,102 , 3.6
73,102 , 4.4
73,102 , 5.0
73,102 , 3.3
73,102 , 4.2
73,102 , 4.4
73,102 , 3.9
73,102 , 3.9
73,102 , 4.1
73,102 , 3.9
73,102 , 3.5
73,102 , 3.5
73,102 , 3.0
73,102 , 1.0
73,102 , 3.7
73,102 , 3.6
73,102 , 5.0
73,102 , 3.9
100,172 , 3.2
100,172 , 1.9
100,172 , 3.0
100,172 , 3.4
100,172 , 3.9
100,172 , 4.4
100,172 , 1.0
93,149 , 2.5
93,149 , 3.8
93,149 , 4.1
93,149 , 3.3
93,149 , 4.1
93,149 , 1.0
93,149 , 3.8
93,149 , 3.3
93,149 , 4.7
93,149 , 3.8
93,149 , 3.2
93,149 , 4.3
93,149 , 3.8
93,149 , 3.8
93,149 , 2.8
93,149 , 4.5
93,149 , 1.0
93,149 , 3.5
93,149 , 4.2
93,149 , 4.3
93,149 , 4.2
93,149 , 3.6
93,149 , 4.3
93,149 , 3.6
93,149 , 3.6
93,149 , 3.9
93,149 , 4.5
93,149 , 3.7
93,149 , 3.6
93,149 , 4.5
148,174 , 3.9
148,174 , 4.1
148,174 , 3.1
148,174 , 3.8
148,174 , 4.3
148,174 , 3.5
148,174 , 3.5
148,174 , 3.1
148,174 , 4.1
148,174 , 4.1
148,174 , 4.3
148,174 , 4.6
148,174 , 4.1
148,174 , 4.0
148,174 , 1.0
148,174 , 1.0
148,174 , 2.3
148,174 , 4.8
148,174 , 3.8
148,174 , 4.7
148,174 , 2.6
148,174 , 1.0
148,174 , 4.8
148,174 , 4.7
148,174 , 4.0
148,174 , 4.5
148,174 , 4.3
148,174 , 4.8
148,174 , 5.0
148,174 , 1.0
111,175 , 4.8
111,175 , 4.8
111,175 , 3.6
111,175 , 3.8
111,175 , 4.2
111,175 , 4.1
111,175 , 1.0
111,175 , 4.2
111,175 , 4.5
111,175 , 4.1
111,175 , 4.9
111,175 , 4.1
111,175 , 3.6
111,175 , 4.5
111,175 , 4.2
111,175 , 4.4
111,175 , 3.8
111,175 , 3.5
111,175 , 2.8
111,175 , 4.0
111,175 , 3.5
111,175 , 4.8
111,175 , 4.6
111,175 , 3.8
111,175 , 4.3
111,175 , 5.0
111,175 , 4.5
111,175 , 1.0
111,175 , 4.1
111,175 , 4.1
111,175 , 4.7
111,175 , 3.4
111,175 , 3.6
111,175 , 4.5
111,175 , 4.1
111,175 , 4.7
111,175 , 3.5
111,175 , 4.0
111,175 , 5.0
111,175 , 4.2
111,175 , 3.7
111,175 , 4.8
111,175 , 4.1
111,175 , 3.0
111,175 , 3.7
111,175 , 3.9
111,175 , 4.5
111,175 , 4.5
111,175 , 3.9
111,175 , 3.4
111,175 , 3.6
111,175 , 3.6
111,175 , 3.2
111,175 , 4.4
111,175 , 3.5
111,175 , 4.8
111,175 , 4.1
111,175 , 3.9
111,175 , 3.8
111,175 , 3.4
150,237 , 3.4
150,237 , 1.0
150,237 , 3.2
150,237 , 4.4
150,237 , 4.1
150,237 , 1.0
150,237 , 3.5
150,237 , 2.3
150,237 , 4.2
150,237 , 3.4
150,237 , 3.9
150,237 , 4.3
150,237 , 3.9
150,237 , 4.2
150,237 , 4.1
150,237 , 5.0
150,237 , 4.8
150,237 , 4.5
150,237 , 3.7
150,237 , 3.3
150,237 , 3.3
150,237 , 4.1
150,237 , 3.7
150,237 , 3.7
150,237 , 4.1
150,237 , 3.4
150,237 , 4.3
150,237 , 4.0
150,237 , 4.7
200,250 , 3.7
200,250 , 3.9
200,250 , 5.0
200,250 , 4.6
200,250 , 3.8
200,250 , 4.1
200,250 , 3.7
200,250 , 3.4
200,250 , 3.9
200,250 , 4.4
200,250 , 4.1
200,250 , 4.3
200,250 , 4.0
200,250 , 3.6
200,250 , 3.6
200,250 , 4.2
200,250 , 4.5
200,250 , 4.1
200,250 , 4.5
200,250 , 3.9
200,250 , 3.4
200,250 , 3.6
200,250 , 3.1
200,250 , 1.7
200,250 , 4.5
200,250 , 4.1
200,250 , 4.4
200,250 , 4.4
200,250 , 4.4
135,214 , 3.1
135,214 , 4.1
135,214 , 4.1
135,214 , 3.4
135,214 , 3.8
135,214 , 3.8
135,214 , 3.8
135,214 , 4.1
135,214 , 4.5
135,214 , 3.8
135,214 , 4.6
135,214 , 4.1
135,214 , 3.5
135,214 , 4.5
135,214 , 4.3
135,214 , 3.9
135,214 , 3.7
135,214 , 4.5
135,214 , 4.1
135,214 , 3.9
135,214 , 3.4
135,214 , 4.1
135,214 , 4.7
135,214 , 4.7
135,214 , 3.1
135,214 , 2.0
135,214 , 1.0
135,214 , 4.1
135,214 , 4.1
135,214 , 3.3
135,214 , 4.2
119,188 , 3.5
119,188 , 4.1
119,188 , 3.4
119,188 , 3.4
119,188 , 3.3
119,188 , 4.3
119,188 , 4.0
119,188 , 4.1
119,188 , 3.8
119,188 , 4.0
119,188 , 4.0
119,188 , 4.1
119,188 , 3.1
119,188 , 3.9
119,188 , 3.8
119,188 , 4.7
119,188 , 4.4
119,188 , 4.1
119,188 , 4.0
119,188 , 4.4
119,188 , 5.0
119,188 , 4.1
119,188 , 4.1
119,188 , 3.6
119,188 , 3.8
119,188 , 4.4
119,188 , 4.1
119,188 , 3.5
119,188 , 4.1
119,188 , 4.1
145,176 , 4.1
145,176 , 4.1
145,176 , 4.5
145,176 , 3.9
145,176 , 1.0
145,176 , 3.5
145,176 , 3.5
145,176 , 4.5
145,176 , 3.9
145,176 , 1.0
145,176 , 1.0
145,176 , 3.9
145,176 , 5.0
145,176 , 3.5
145,176 , 3.5
145,176 , 4.3
145,176 , 3.5
145,176 , 4.1
145,176 , 3.7
145,176 , 4.5
145,176 , 1.0
145,176 , 4.8
145,176 , 4.8
145,176 , 3.4
145,176 , 3.4
145,176 , 3.2
145,176 , 2.3
145,176 , 2.7
145,176 , 3.5
150,169 , 3.9
150,169 , 4.1
150,169 , 4.6
150,169 , 2.7
150,169 , 1.5
150,169 , 4.5
150,169 , 1.0
150,169 , 3.9
150,169 , 3.9
150,169 , 4.2
150,169 , 3.5
150,169 , 3.9
150,169 , 5.0
150,169 , 4.6
150,169 , 1.0
150,169 , 4.0
150,169 , 3.8
150,169 , 4.1
150,169 , 1.0
150,169 , 4.5
150,169 , 4.6
150,169 , 1.0
150,169 , 3.8
150,169 , 4.4
150,169 , 4.4
150,169 , 3.7
150,169 , 3.7
150,169 , 4.1
150,169 , 4.1
150,169 , 4.4
150,169 , 3.6
121,192 , 4.0
121,192 , 4.5
121,192 , 3.1
121,192 , 3.2
121,192 , 3.7
121,192 , 3.5
121,192 , 4.0
121,192 , 3.4
121,192 , 4.1
121,192 , 4.1
121,192 , 4.1
121,192 , 1.0
121,192 , 1.0
121,192 , 4.5
121,192 , 2.9
121,192 , 2.9
121,192 , 4.2
121,192 , 4.1
121,192 , 3.9
121,192 , 1.0
121,192 , 4.1
121,192 , 3.3
121,192 , 3.6
121,192 , 3.6
121,192 , 4.5
121,192 , 3.5
121,192 , 5.0
121,192 , 5.0
121,192 , 3.7
141,225 , 3.7
141,225 , 4.1
141,225 , 5.0
141,225 , 5.0
141,225 , 5.0
141,225 , 4.1
141,225 , 3.1
141,225 , 4.1
141,225 , 3.8
141,225 , 4.8
141,225 , 4.1
141,225 , 5.0
141,225 , 4.8
141,225 , 3.3
141,225 , 1.0
141,225 , 3.9
141,225 , 3.7
141,225 , 4.1
141,225 , 4.5
141,225 , 4.2
141,225 , 4.2
141,225 , 4.1
141,225 , 4.1
141,225 , 3.8
141,225 , 3.6
141,225 , 4.0
141,225 , 4.0
141,225 , 4.2
141,225 , 3.9
102,179 , 3.6
102,179 , 3.8
102,179 , 4.5
102,179 , 4.1
102,179 , 3.9
102,179 , 4.6
102,179 , 4.7
102,179 , 1.0
102,179 , 3.9
102,179 , 3.9
102,179 , 3.7
102,179 , 3.7
102,179 , 3.0
102,179 , 3.0
102,179 , 4.6
102,179 , 3.3
102,179 , 3.9
102,179 , 3.2
102,179 , 3.5
102,179 , 4.1
102,179 , 4.1
102,179 , 4.1
116,181 , 4.2
116,181 , 4.1
116,181 , 3.1
116,181 , 5.0
116,181 , 3.7
116,181 , 3.7
116,181 , 4.5
116,181 , 4.4
116,181 , 3.9
116,181 , 3.7
116,181 , 4.5
116,181 , 3.6
116,181 , 4.1
116,181 , 1.1
116,181 , 3.7
116,181 , 3.9
116,181 , 3.8
116,181 , 4.1
116,181 , 3.3
116,181 , 4.2
116,181 , 3.6
116,181 , 4.1
116,181 , 3.9
116,181 , 1.0
116,181 , 3.5
116,181 , 4.5
116,181 , 4.3
116,181 , 2.8
116,181 , 2.8
116,181 , 3.1
112,178 , 3.7
112,178 , 2.2
112,178 , 4.1
112,178 , 1.0
112,178 , 4.1
112,178 , 3.1
112,178 , 3.3
112,178 , 3.6
112,178 , 3.9
112,178 , 4.1
112,178 , 3.6
112,178 , 5.0
112,178 , 4.1
112,178 , 3.5
112,178 , 3.1
112,178 , 4.1
112,178 , 3.7
112,178 , 2.8
112,178 , 2.8
112,178 , 2.6
112,178 , 3.1
112,178 , 4.0
112,178 , 3.9
112,178 , 3.9
112,178 , 4.3
112,178 , 3.8
112,178 , 3.9
112,178 , 4.2
112,178 , 4.1
112,178 , 4.6
93,151 , 3.8
93,151 , 4.2
93,151 , 4.1
93,151 , 3.5
93,151 , 4.3
93,151 , 4.3
93,151 , 4.1
93,151 , 3.7
93,151 , 3.7
93,151 , 3.6
93,151 , 4.7
93,151 , 4.1
93,151 , 2.7
93,151 , 2.8
93,151 , 3.3
93,151 , 3.2
93,151 , 3.7
93,151 , 3.7
93,151 , 3.7
93,151 , 4.1
93,151 , 1.0
93,151 , 4.1
93,151 , 4.5
93,151 , 4.3
93,151 , 3.6
93,151 , 1.1
93,151 , 3.7
93,151 , 4.9
93,151 , 3.8
93,151 , 4.3
93,151 , 3.9
100,152 , 3.9
100,152 , 4.3
100,152 , 5.0
100,152 , 3.6
100,152 , 3.8
100,152 , 4.5
100,152 , 4.7
100,152 , 3.9
100,152 , 3.8
100,152 , 3.4
100,152 , 2.6
100,152 , 2.9
100,152 , 3.8
100,152 , 4.1
100,152 , 4.7
100,152 , 3.5
100,152 , 3.5
100,152 , 2.9
100,152 , 4.1
100,152 , 3.5
100,152 , 1.0
100,152 , 3.8
100,152 , 3.2
100,152 , 4.2
100,152 , 4.3
100,152 , 3.9
100,152 , 1.0
100,152 , 3.2
100,152 , 3.9
100,152 , 3.7
38,68 , 1.0
38,68 , 3.7
38,68 , 1.0
38,68 , 3.3
38,68 , 3.7
38,68 , 2.4
38,68 , 2.9
38,68 , 3.9
38,68 , 1.0
38,68 , 4.1
38,68 , 3.7
38,68 , 3.9
38,68 , 3.7
38,68 , 3.7
38,68 , 4.1
38,68 , 4.1
38,68 , 4.4
38,68 , 1.0
38,68 , 2.5
38,68 , 3.5
38,68 , 4.1
38,68 , 3.7
38,68 , 3.7
38,68 , 3.7
38,68 , 4.5
38,68 , 5.0
38,68 , 1.0
38,68 , 4.1
73,111 , 4.1
73,111 , 4.7
73,111 , 2.4
73,111 , 4.2
73,111 , 4.3
73,111 , 3.9
73,111 , 4.2
73,111 , 4.3
73,111 , 3.6
73,111 , 3.6
73,111 , 1.0
73,111 , 1.0
73,111 , 3.7
73,111 , 4.1
73,111 , 4.3
73,111 , 3.9
73,111 , 2.8
73,111 , 1.0
73,111 , 3.3
73,111 , 3.3
73,111 , 3.8
73,111 , 1.0
73,111 , 4.3
73,111 , 3.9
73,111 , 4.8
73,111 , 4.8
73,111 , 3.3
73,111 , 4.3
73,111 , 5.0
73,111 , 3.7
82,129 , 3.7
82,129 , 3.8
82,129 , 2.8
82,129 , 3.1
82,129 , 3.3
82,129 , 3.9
82,129 , 4.0
82,129 , 3.2
82,129 , 1.0
82,129 , 0.0
82,129 , 3.4
82,129 , 3.7
82,129 , 3.6
82,129 , 2.6
82,129 , 4.2
82,129 , 4.2
82,129 , 3.9
82,129 , 3.9
82,129 , 3.7
82,129 , 3.3
82,129 , 2.8
82,129 , 3.1
82,129 , 3.1
82,129 , 3.4
82,129 , 3.4
82,129 , 3.9
82,129 , 3.1
82,129 , 6.6
82,129 , 4.4
82,129 , 3.3
74,144 , 3.5
74,144 , 2.6
74,144 , 2.6
74,144 , 3.4
74,144 , 3.3
74,144 , 3.3
74,144 , 4.6
74,144 , 4.2
74,144 , 4.2
74,144 , 3.6
74,144 , 1.0
74,144 , 3.9
74,144 , 2.6
74,144 , 2.8
74,144 , 3.7
74,144 , 3.7
74,144 , 4.0
74,144 , 4.7
74,144 , 3.7
74,144 , 5.0
74,144 , 3.7
74,144 , 3.5
74,144 , 3.5
74,144 , 5.0
74,144 , 5.0
74,144 , 3.3
74,144 , 4.3
74,144 , 2.8
74,144 , 3.7
74,144 , 3.7
41,66 , 1.0
41,66 , 4.3
41,66 , 4.1
41,66 , 4.1
41,66 , 3.4
41,66 , 3.3
41,66 , 3.9
41,66 , 1.0
41,66 , 4.2
41,66 , 4.2
41,66 , 4.3
41,66 , 2.7
41,66 , 1.0
59,113 , 2.8
59,113 , 1.0
59,113 , 4.0
59,113 , 3.9
59,113 , 3.7
59,113 , 3.4
59,113 , 4.3
59,113 , 3.4
59,113 , 4.3
59,113 , 2.8
59,113 , 3.5
59,113 , 3.5
70,129 , 2.8
70,129 , 3.3
70,129 , 4.0
70,129 , 3.8
70,129 , 2.8
70,129 , 4.9
70,129 , 4.8
70,129 , 4.8
70,129 , 2.5
70,129 , 3.5
70,129 , 3.5
70,129 , 3.8
70,129 , 2.7
70,129 , 2.7
70,129 , 4.3
70,129 , 3.5
70,129 , 3.5
70,129 , 3.7
70,129 , 0.0
70,129 , 3.6
70,129 , 4.5
70,129 , 4.7
70,129 , 3.2
70,129 , 3.3
50,110 , 4.4
50,110 , 4.1
50,110 , 4.1
50,110 , 4.1
50,110 , 1.0
50,110 , 4.0
50,110 , 3.8
50,110 , 2.9
50,110 , 2.9
50,110 , 4.1
50,110 , 3.7
50,110 , 2.8
50,110 , 3.8
50,110 , 4.1
50,110 , 4.2
50,110 , 1.0
50,110 , 4.3
50,110 , 4.1
50,110 , 3.8
50,110 , 4.3
50,110 , 2.9
50,110 , 1.0
50,110 , 5.0
50,110 , 4.7
50,110 , 4.2
50,110 , 4.0
50,110 , 3.8
50,110 , 4.5
50,110 , 3.8
50,110 , 2.9
62,112 , 1.6
62,112 , 1.6
62,112 , 1.0
62,112 , 3.9
62,112 , 3.9
62,112 , 5.0
62,112 , 4.5
62,112 , 1.0
62,112 , 1.0
62,112 , 3.8
62,112 , 3.2
62,112 , 4.0
62,112 , 3.4
62,112 , 5.0
62,112 , 3.9
62,112 , 3.8
62,112 , 3.3
62,112 , 4.1
62,112 , 1.0
62,112 , 1.0
62,112 , 3.0
62,112 , 4.1
62,112 , 4.2
62,112 , 3.8
62,112 , 3.8
62,112 , 4.0
62,112 , 2.8
62,112 , 5.0
62,112 , 3.3
62,112 , 3.8
114,185 , 4.3
114,185 , 4.7
114,185 , 3.9
114,185 , 3.9
114,185 , 1.0
114,185 , 1.0
114,185 , 1.0
61,94 , 3.3
61,94 , 3.3
61,94 , 3.9
61,94 , 1.0
61,94 , 1.0
61,94 , 3.0
61,94 , 3.0
61,94 , 4.3
61,94 , 4.1
61,94 , 3.3
61,94 , 4.6
61,94 , 4.5
61,94 , 1.0
61,94 , 5.0
61,94 , 3.6
61,94 , 1.0
61,94 , 5.0
61,94 , 4.5
61,94 , 3.7
61,94 , 4.1
61,94 , 3.9
61,94 , 3.5
61,94 , 3.5
61,94 , 3.1
61,94 , 3.1
61,94 , 0.0
61,94 , 4.3
61,94 , 3.8
61,94 , 1.0
61,94 , 3.4
54,88 , 3.4
54,88 , 1.0
54,88 , 3.7
54,88 , 3.7
54,88 , 3.3
54,88 , 3.7
54,88 , 3.3
54,88 , 3.3
54,88 , 3.7
54,88 , 3.3
54,88 , 3.1
54,88 , 3.1
54,88 , 3.3
54,88 , 1.0
54,88 , 3.2
54,88 , 4.3
54,88 , 4.1
54,88 , 3.5
54,88 , 3.5
54,88 , 5.0
54,88 , 3.6
54,88 , 3.6
54,88 , 2.7
54,88 , 2.7
54,88 , 1.0
54,88 , 1.0
54,88 , 5.0
54,88 , 5.0
54,88 , 5.0
54,88 , 5.0
66,130 , 3.5
66,130 , 3.5
66,130 , 3.8
66,130 , 3.7
66,130 , 3.7
66,130 , 1.0
66,130 , 3.2
66,130 , 4.2
66,130 , 5.0
96,155 , 1.0
96,155 , 3.0
96,155 , 3.0
96,155 , 3.0
96,155 , 3.5
96,155 , 3.3
96,155 , 3.3
96,155 , 5.0
96,155 , 4.0
96,155 , 3.8
96,155 , 4.2
96,155 , 3.3
57,80 , 1.0
57,80 , 3.8
57,80 , 3.0
57,80 , 4.0
57,80 , 3.4
57,80 , 3.4
57,80 , 1.0
57,80 , 3.7
57,80 , 3.7
57,80 , 1.0
57,80 , 3.0
57,80 , 4.2
57,80 , 5.0
57,80 , 2.8
57,80 , 2.8
57,80 , 3.9
57,80 , 5.0
57,80 , 3.6
57,80 , 3.6
47,84 , 3.3
47,84 , 3.8
47,84 , 3.8
47,84 , 4.2
47,84 , 4.7
47,84 , 3.3
47,84 , 3.1
47,84 , 4.8
47,84 , 4.8
47,84 , 3.4
47,84 , 4.0
47,84 , 2.9
39,71 , 4.0
39,71 , 3.5
39,71 , 4.8
39,71 , 4.8
39,71 , 1.0
39,71 , 3.7
39,71 , 3.4
55,98 , 2.8
55,98 , 2.8
55,98 , 1.0
55,98 , 3.9
55,98 , 3.6
55,98 , 3.6
55,98 , 3.6
55,98 , 3.3
55,98 , 3.0
100,172 , 2.2
100,172 , 1.0
100,172 , 3.0
100,172 , 3.2
100,172 , 4.2
100,172 , 3.0
100,172 , 3.0
100,172 , 4.0
100,172 , 3.7
100,172 , 3.7
100,172 , 3.0
100,172 , 3.0
100,172 , 2.9
100,172 , 3.2
100,172 , 3.2
100,172 , 3.0
100,172 , 4.2
100,172 , 1.0
100,172 , 2.5
100,172 , 3.6
100,172 , 3.4
100,172 , 3.8
100,172 , 3.8
100,172 , 4.0
100,172 , 1.0
100,172 , 3.8
100,172 , 3.8
100,172 , 3.9
100,172 , 3.9
100,172 , 1.0
93,103 , 3.8
93,103 , 3.8
93,103 , 3.6
93,103 , 3.5
93,103 , 3.8
93,103 , 3.8
93,103 , 2.2
93,103 , 2.5
93,103 , 2.5
100,163 , 3.5
100,163 , 4.2
100,163 , 4.2
100,163 , 4.2
100,163 , 4.2
100,163 , 3.1
100,163 , 3.8
100,163 , 3.9
100,163 , 3.1
100,163 , 4.9
100,163 , 3.1
100,163 , 3.5
100,163 , 3.1
100,163 , 3.8
100,163 , 4.2
100,163 , 3.1
100,163 , 3.3
100,163 , 4.2
100,163 , 3.1
100,163 , 3.6
100,163 , 3.9
100,163 , 3.9
100,163 , 3.6
100,163 , 4.1
100,163 , 4.8
100,163 , 4.2
100,163 , 2.5
100,163 , 3.9
100,163 , 2.5
100,163 , 3.5
98,160 , 3.7
98,160 , 3.6
98,160 , 1.0
98,160 , 4.2
98,160 , 4.2
98,160 , 3.1
98,160 , 2.7
98,160 , 3.9
98,160 , 2.5
98,160 , 3.9
98,160 , 4.5
98,160 , 4.2
98,160 , 4.2
98,160 , 3.7
98,160 , 2.8
98,160 , 3.6
98,160 , 5.0
98,160 , 3.6
98,160 , 3.7
98,160 , 3.6
98,160 , 3.5
98,160 , 3.5
98,160 , 3.8
98,160 , 3.1
98,160 , 4.2
98,160 , 3.6
98,160 , 3.7
98,160 , 3.9
98,160 , 3.6
98,160 , 3.9
52,94 , 4.6
52,94 , 4.6
52,94 , 4.5
52,94 , 3.7
52,94 , 3.6
52,94 , 3.6
52,94 , 3.5
52,94 , 4.9
52,94 , 1.0
52,94 , 3.3
52,94 , 5.0
52,94 , 2.3
52,94 , 3.7
52,94 , 3.8
52,94 , 3.6
52,94 , 3.6
52,94 , 5.0
52,94 , 4.2
52,94 , 4.2
52,94 , 3.7
52,94 , 3.7
52,94 , 3.3
52,94 , 4.5
52,94 , 1.0
52,94 , 3.1
52,94 , 3.6
52,94 , 1.0
52,94 , 4.6
52,94 , 3.9
52,94 , 5.0
55,113 , 3.6
55,113 , 8.6
55,113 , 2.9
55,113 , 3.1
55,113 , 3.6
55,113 , 3.8
55,113 , 1.0
55,113 , 3.9
55,113 , 3.5
55,113 , 3.4
55,113 , 3.4
55,113 , 3.9
55,113 , 3.1
55,113 , 3.9
55,113 , 3.7
55,113 , 3.7
55,113 , 0.0
55,113 , 4.2
55,113 , 4.6
55,113 , 3.3
55,113 , 3.7
55,113 , 3.6
55,113 , 3.9
55,113 , 3.7
55,113 , 3.6
55,113 , 4.6
55,113 , 3.3
55,113 , 3.7
55,113 , 2.5
55,113 , 3.7
39,86 , 5.0
39,86 , 3.7
39,86 , 4.1
39,86 , 3.7
39,86 , 3.7
39,86 , 3.9
39,86 , 3.9
39,86 , 5.0
39,86 , 3.8
39,86 , 3.8
39,86 , 3.7
39,86 , 4.0
39,86 , 4.0
39,86 , 3.4
39,86 , 2.5
39,86 , 1.0
39,86 , 3.7
39,86 , 3.9
39,86 , 3.7
39,86 , 3.7
39,86 , 3.7
39,86 , 3.7
39,86 , 3.9
39,86 , 4.6
39,86 , 4.6
39,86 , 1.0
39,86 , 2.6
39,86 , 3.9
39,86 , 5.0
39,86 , 5.0
55,112 , 1.0
55,112 , 1.0
55,112 , 3.7
55,112 , 3.7
55,112 , 4.5
55,112 , 3.0
55,112 , 3.0
55,112 , 4.1
55,112 , 4.0
55,112 , 4.2
55,112 , 3.9
55,112 , 3.9
55,112 , 3.7
55,112 , 4.5
55,112 , 3.7
55,112 , 3.2
55,112 , 3.6
55,112 , 3.9
55,112 , 4.5
55,112 , 3.4
55,112 , 4.6
55,112 , 2.2
55,112 , 3.9
55,112 , 4.4
55,112 , 5.0
55,112 , 4.0
55,112 , 4.0
